{
    "sample_sizes": [
        10,
        31,
        100,
        316,
        1000,
        3160,
        10000
    ],
    "scores": {
        "Total": [
            [
                0.7903911859787072,
                0.732571142771387,
                0.7919590203049717,
                0.9850310148574427,
                0.9890924880590534,
                0.9947416413373861,
                0.9880720798957883
            ],
            [
                0.12929006490246148,
                0.0802642071702955,
                0.08960633298390185,
                0.03784285694807879,
                0.024026623384548404,
                0.014498225355077585,
                0.024617855531611235
            ]
        ],
        "Faithfulness": [
            [
                0.9941969715768103,
                0.967321872999092,
                0.9342326705696749,
                0.9894649054349504,
                0.9890924880590534,
                0.9947416413373861,
                0.9880720798957883
            ],
            [
                0.02011657024453448,
                0.04115922619488706,
                0.034258692710632636,
                0.02275660482878719,
                0.024026623384548404,
                0.014498225355077585,
                0.024617855531611235
            ]
        ],
        "Markov": [
            [
                0.7961942144018969,
                0.7652492697722948,
                0.8577263497352969,
                0.9955661094224925,
                1.0,
                1.0,
                1.0
            ],
            [
                0.13276293892141466,
                0.07645749113866727,
                0.08955361077045156,
                0.0219429320964114,
                0.0,
                0.0,
                0.0
            ]
        ],
        "Orientation Conflicts": [
            [
                0.03,
                0.02,
                0.02,
                0.0,
                0.0,
                0.0,
                0.0
            ]
        ]
    }
}