{
    "sample_sizes": [
        10,
        31,
        100,
        316,
        1000,
        3160,
        10000
    ],
    "scores": {
        "Total": [
            [
                0.8533333333333334,
                0.9433333333333332,
                1.0,
                1.0,
                1.0,
                1.0,
                1.0
            ],
            [
                0.19759667113705243,
                0.125210933139953,
                0.0,
                0.0,
                0.0,
                0.0,
                0.0
            ]
        ],
        "Faithfulness": [
            [
                1.0,
                1.0,
                1.0,
                1.0,
                1.0,
                1.0,
                1.0
            ],
            [
                0.0,
                0.0,
                0.0,
                0.0,
                0.0,
                0.0,
                0.0
            ]
        ],
        "Markov": [
            [
                0.8533333333333334,
                0.9433333333333332,
                1.0,
                1.0,
                1.0,
                1.0,
                1.0
            ],
            [
                0.19759667113705243,
                0.125210933139953,
                0.0,
                0.0,
                0.0,
                0.0,
                0.0
            ]
        ],
        "Orientation Conflicts": [
            [
                0.0,
                0.0,
                0.0,
                0.0,
                0.0,
                0.0,
                0.0
            ]
        ]
    }
}