{
    "sample_sizes": [
        50,
        100,
        1000,
        10000
    ],
    "scores": {
        "Total": [
            [
                0.9880128205128205,
                0.9605463286713288,
                0.9097213871268052,
                0.8634822608406454
            ],
            [
                0.039654729030933575,
                0.05872702304061745,
                0.06017756912458104,
                0.038647429242247976
            ]
        ],
        "Faithfulness": [
            [
                0.995,
                0.9707191142191144,
                0.9149623665807877,
                0.8676756355818462
            ],
            [
                0.02598076211353315,
                0.04703212018429473,
                0.058514149672054185,
                0.03840228064264551
            ]
        ],
        "Markov": [
            [
                0.9930128205128205,
                0.9898272144522144,
                0.9947590205460175,
                0.9958066252587991
            ],
            [
                0.0311025614602489,
                0.0325016558009686,
                0.022056688930646415,
                0.014094209983354483
            ]
        ],
        "Orientation Conflicts": [
            [
                0.05,
                0.31,
                1.04,
                0.12
            ]
        ]
    }
}