{
    "sample_sizes": [
        50,
        100,
        1000,
        10000
    ],
    "scores": {
        "Total": [
            [
                0.6633333333333333,
                0.7276190476190476,
                0.841172096908939,
                0.9779022556390978
            ],
            [
                0.09994442900376632,
                0.1066560368853148,
                0.09624945646325377,
                0.05849177487913082
            ]
        ],
        "Faithfulness": [
            [
                0.9966666666666666,
                0.9730952380952381,
                0.9219841269841269,
                0.9880952380952381
            ],
            [
                0.01895413567692443,
                0.04884525727722404,
                0.053840359662118115,
                0.038120031614358195
            ]
        ],
        "Markov": [
            [
                0.6666666666666667,
                0.7545238095238094,
                0.919187969924812,
                0.9898070175438598
            ],
            [
                0.10540925533894598,
                0.12878316388635389,
                0.048117643398732535,
                0.033162175224186845
            ]
        ],
        "Orientation Conflicts": [
            [
                0.0,
                0.0,
                0.0,
                0.0
            ]
        ]
    }
}