{
    "sample_sizes": [
        50,
        100,
        1000,
        10000
    ],
    "scores": {
        "Total": [
            [
                0.7033333333333335,
                0.7400000000000001,
                0.9733333333333333,
                1.0
            ],
            [
                0.10429658564774678,
                0.13808210118138653,
                0.09043106644167026,
                0.0
            ]
        ],
        "Faithfulness": [
            [
                1.0,
                1.0,
                1.0,
                1.0
            ],
            [
                0.0,
                0.0,
                0.0,
                0.0
            ]
        ],
        "Markov": [
            [
                0.7033333333333335,
                0.7400000000000001,
                0.9733333333333333,
                1.0
            ],
            [
                0.10429658564774678,
                0.13808210118138653,
                0.09043106644167026,
                0.0
            ]
        ],
        "Orientation Conflicts": [
            [
                0.0,
                0.0,
                0.0,
                0.0
            ]
        ]
    }
}