{
    "sample_sizes": [
        50,
        100,
        1000,
        10000
    ],
    "scores": {
        "Total": [
            [
                0.5969333333333333,
                0.6090666666666666,
                0.683723076923077,
                0.6987647019647021
            ],
            [
                0.04840036730806447,
                0.050662455965383726,
                0.0432060713584951,
                0.041549003988301234
            ]
        ],
        "Faithfulness": [
            [
                1.0,
                0.9981333333333333,
                0.9052512820512822,
                0.8788572094572095
            ],
            [
                0.0,
                0.009047037575299927,
                0.04898459390971483,
                0.01667328984426054
            ]
        ],
        "Markov": [
            [
                0.5969333333333333,
                0.6109333333333333,
                0.7784717948717947,
                0.8199074925074925
            ],
            [
                0.04840036730806447,
                0.05417272786600693,
                0.06026118824482723,
                0.032293326878841025
            ]
        ],
        "Orientation Conflicts": [
            [
                0.0,
                0.01,
                0.73,
                0.8
            ]
        ]
    }
}