{
    "sample_sizes": [
        50,
        100,
        1000,
        10000
    ],
    "scores": {
        "Total": [
            [
                0.6297333333333334,
                0.6458666666666667,
                0.7099789590039591,
                0.9218842169688662
            ],
            [
                0.0535613459294833,
                0.056891944362390465,
                0.04339723957272747,
                0.06154113497922562
            ]
        ],
        "Faithfulness": [
            [
                0.996,
                0.9837333333333332,
                0.8844263255263255,
                0.9461651657471833
            ],
            [
                0.014544949486180942,
                0.030902283266954735,
                0.022616337828945374,
                0.02773183513723455
            ]
        ],
        "Markov": [
            [
                0.6337333333333333,
                0.6621333333333334,
                0.8255526334776333,
                0.9757190512216828
            ],
            [
                0.05973139877819705,
                0.07002780400193435,
                0.03290185806362803,
                0.04329886508188359
            ]
        ],
        "Orientation Conflicts": [
            [
                0.03,
                0.12,
                0.71,
                0.0
            ]
        ]
    }
}