{
    "sample_sizes": [
        50,
        100,
        1000,
        10000
    ],
    "scores": {
        "Total": [
            [
                0.6372222222222222,
                0.6418128654970761,
                0.7743685300207039,
                0.8053174603174601
            ],
            [
                0.07991314729824568,
                0.0834409892485427,
                0.06842921173860601,
                0.07130019327532369
            ]
        ],
        "Faithfulness": [
            [
                1.0,
                0.9967251461988303,
                0.9163112491373362,
                0.9006349206349208
            ],
            [
                0.0,
                0.01862772763725092,
                0.05036880433157143,
                0.040816805237807556
            ]
        ],
        "Markov": [
            [
                0.6372222222222222,
                0.6450877192982456,
                0.8580572808833677,
                0.9046825396825398
            ],
            [
                0.07991314729824568,
                0.09007630643032959,
                0.0885924281234818,
                0.036360901286316305
            ]
        ],
        "Orientation Conflicts": [
            [
                0.0,
                0.0,
                0.0,
                0.0
            ]
        ]
    }
}