{
    "sample_sizes": [
        50,
        100,
        1000,
        10000
    ],
    "scores": {
        "Total": [
            [
                0.9799863636363636,
                0.955381236139581,
                0.8916523485448801,
                0.7637404424540682
            ],
            [
                0.04062921367710419,
                0.05100998093236503,
                0.05437141620065035,
                0.058244839821426704
            ]
        ],
        "Faithfulness": [
            [
                0.9862075757575758,
                0.9683908221408221,
                0.8993368233057925,
                0.7694364157401291
            ],
            [
                0.02627139770459736,
                0.037051619830097804,
                0.05142135431154463,
                0.0625233694005265
            ]
        ],
        "Markov": [
            [
                0.9937787878787878,
                0.9869904139987591,
                0.9923155252390876,
                0.9943040267139392
            ],
            [
                0.024897833665042453,
                0.03094775008377793,
                0.0216869753086068,
                0.013502113933840772
            ]
        ],
        "Orientation Conflicts": [
            [
                0.34,
                0.87,
                2.35,
                0.58
            ]
        ]
    }
}