{
    "sample_sizes": [
        50,
        100,
        1000,
        10000
    ],
    "scores": {
        "Total": [
            [
                0.8805399829625503,
                0.8647609996383839,
                0.9369651727930219,
                0.9624354146392505
            ],
            [
                0.07477985956104906,
                0.06722088958231597,
                0.0416369593361344,
                0.07110418619572155
            ]
        ],
        "Faithfulness": [
            [
                0.9314327777100888,
                0.8914697872535933,
                0.9475638859138499,
                0.9823949611226156
            ],
            [
                0.05433309580831441,
                0.06010492966553457,
                0.02746947842346203,
                0.0405386335700252
            ]
        ],
        "Markov": [
            [
                0.9491072052524615,
                0.9732912123847908,
                0.9894012868791721,
                0.980040453516635
            ],
            [
                0.06830532436393563,
                0.0403288601768671,
                0.02420526834681153,
                0.04238799882193793
            ]
        ],
        "Orientation Conflicts": [
            [
                1.0,
                0.63,
                0.02,
                0.07
            ]
        ]
    }
}