{
    "sample_sizes": [
        50,
        100,
        1000,
        10000
    ],
    "scores": {
        "Total": [
            [
                0.6223754152823919,
                0.6527069597069597,
                0.6830777957104266,
                0.8956009639172352
            ],
            [
                0.04960900035324777,
                0.047553779681643746,
                0.05281184284415908,
                0.054744029616975
            ]
        ],
        "Faithfulness": [
            [
                0.9961166482096714,
                0.9882564102564103,
                0.881295287803282,
                0.9268848705536413
            ],
            [
                0.015565363490903735,
                0.021399016593027845,
                0.018718650609239783,
                0.018614945658728635
            ]
        ],
        "Markov": [
            [
                0.6262587670727205,
                0.6644505494505494,
                0.8017825079071446,
                0.968716093363594
            ],
            [
                0.054854501835372015,
                0.054683862633696144,
                0.04150731365811461,
                0.046993382740466584
            ]
        ],
        "Orientation Conflicts": [
            [
                0.04,
                0.13,
                1.24,
                0.01
            ]
        ]
    }
}