{
    "sample_sizes": [
        50,
        100,
        1000,
        10000
    ],
    "scores": {
        "Total": [
            [
                0.8622864121164604,
                0.9576630092261488,
                0.9776642222402291,
                0.9822301926619912
            ],
            [
                0.10277161778093541,
                0.0691558421539148,
                0.04662672838184714,
                0.04410692937249863
            ]
        ],
        "Faithfulness": [
            [
                0.9421790429270358,
                0.9787998021206558,
                0.9941337209302326,
                0.9928225480283115
            ],
            [
                0.04421414492862791,
                0.040424839936536235,
                0.02631481606145664,
                0.030326800877864688
            ]
        ],
        "Markov": [
            [
                0.920107369189425,
                0.9788632071054928,
                0.9835305013099966,
                0.9894076446336797
            ],
            [
                0.07193387732879179,
                0.04087283116050271,
                0.028829018527144836,
                0.022994763574245618
            ]
        ],
        "Orientation Conflicts": [
            [
                0.05,
                0.0,
                0.02,
                0.03
            ]
        ]
    }
}