{
    "sample_sizes": [
        50,
        100,
        1000,
        10000
    ],
    "scores": {
        "Total": [
            [
                0.9833333333333333,
                1.0,
                1.0,
                1.0
            ],
            [
                0.0726483157256779,
                0.0,
                0.0,
                0.0
            ]
        ],
        "Faithfulness": [
            [
                1.0,
                1.0,
                1.0,
                1.0
            ],
            [
                0.0,
                0.0,
                0.0,
                0.0
            ]
        ],
        "Markov": [
            [
                0.9833333333333333,
                1.0,
                1.0,
                1.0
            ],
            [
                0.0726483157256779,
                0.0,
                0.0,
                0.0
            ]
        ],
        "Orientation Conflicts": [
            [
                0.0,
                0.0,
                0.0,
                0.0
            ]
        ]
    }
}