{
    "sample_sizes": [
        50,
        100,
        1000,
        10000
    ],
    "scores": {
        "Total": [
            [
                0.9877777777777778,
                0.9755555555555554,
                0.9062380952380954,
                0.9228888888888889
            ],
            [
                0.0506622805119022,
                0.061020134301093244,
                0.07948800163312772,
                0.028493880651253904
            ]
        ],
        "Faithfulness": [
            [
                0.9933333333333334,
                0.98,
                0.9062380952380954,
                0.924
            ],
            [
                0.03265986323710904,
                0.05416025603090639,
                0.07948800163312772,
                0.024731646143911545
            ]
        ],
        "Markov": [
            [
                0.9944444444444445,
                0.9955555555555554,
                1.0,
                0.9988888888888888
            ],
            [
                0.03967460238079362,
                0.031111111111111117,
                0.0,
                0.011055415967851335
            ]
        ],
        "Orientation Conflicts": [
            [
                0.04,
                0.15,
                0.7,
                0.02
            ]
        ]
    }
}