{
    "sample_sizes": [
        50,
        100,
        1000,
        10000
    ],
    "scores": {
        "Total": [
            [
                0.6099999999999999,
                0.6294244186046511,
                0.7134746171298921,
                0.7387347729789591
            ],
            [
                0.059160797830996155,
                0.06806850487662008,
                0.05409542630107362,
                0.07961776128026543
            ]
        ],
        "Faithfulness": [
            [
                0.9997499999999999,
                0.9983197674418605,
                0.8937807714123651,
                0.8760531561461792
            ],
            [
                0.002487468592766553,
                0.010721943843018875,
                0.059204448381832024,
                0.03894824586275044
            ]
        ],
        "Markov": [
            [
                0.61025,
                0.6311046511627907,
                0.8196938457175267,
                0.8626816168327793
            ],
            [
                0.059170833186630044,
                0.07166534339570135,
                0.06055032125658887,
                0.044937922843513736
            ]
        ],
        "Orientation Conflicts": [
            [
                0.0,
                0.01,
                0.63,
                0.71
            ]
        ]
    }
}