{
    "sample_sizes": [
        50,
        100,
        1000,
        10000
    ],
    "scores": {
        "Total": [
            [
                0.9224045621299625,
                0.9661019214703427,
                0.9855860484544695,
                0.9837452508081799
            ],
            [
                0.09791876552176008,
                0.06857100400928069,
                0.035319622543954,
                0.039213806859576095
            ]
        ],
        "Faithfulness": [
            [
                0.965812447786132,
                0.9837092731829575,
                0.9957142857142859,
                0.9895255348516219
            ],
            [
                0.05085309254615792,
                0.0425516871643337,
                0.02436960301318855,
                0.033933362965599435
            ]
        ],
        "Markov": [
            [
                0.9565921143438306,
                0.9823926482873852,
                0.9898717627401836,
                0.994219715956558
            ],
            [
                0.05827117539576712,
                0.03713501483014375,
                0.024583678042255263,
                0.01926877972311256
            ]
        ],
        "Orientation Conflicts": [
            [
                0.01,
                0.0,
                0.0,
                0.02
            ]
        ]
    }
}