{
    "sample_sizes": [
        50,
        100,
        1000,
        10000
    ],
    "scores": {
        "Total": [
            [
                0.8628940426011108,
                0.9457837334995925,
                0.966840281241199,
                0.9785474486345244
            ],
            [
                0.09068262291605302,
                0.05836933487336561,
                0.058854477199950794,
                0.03780479431803941
            ]
        ],
        "Faithfulness": [
            [
                0.9417845071343552,
                0.9701430305484142,
                0.9864219171960911,
                0.9939477591465875
            ],
            [
                0.030787556931114606,
                0.03499714391153318,
                0.03961493560253621,
                0.02916875458654306
            ]
        ],
        "Markov": [
            [
                0.9211095354667556,
                0.9756407029511781,
                0.9804183640451081,
                0.9845996894879369
            ],
            [
                0.07702638514178148,
                0.0359338078840001,
                0.028545135840361467,
                0.020324249555206012
            ]
        ],
        "Orientation Conflicts": [
            [
                0.12,
                0.0,
                0.02,
                0.02
            ]
        ]
    }
}