{
    "sample_sizes": [
        50,
        100,
        1000,
        10000
    ],
    "scores": {
        "Total": [
            [
                0.9966666666666666,
                0.9933333333333333,
                1.0,
                1.0
            ],
            [
                0.033166247903554005,
                0.04666666666666669,
                0.0,
                0.0
            ]
        ],
        "Faithfulness": [
            [
                1.0,
                1.0,
                1.0,
                1.0
            ],
            [
                0.0,
                0.0,
                0.0,
                0.0
            ]
        ],
        "Markov": [
            [
                0.9966666666666666,
                0.9933333333333333,
                1.0,
                1.0
            ],
            [
                0.033166247903554005,
                0.04666666666666669,
                0.0,
                0.0
            ]
        ],
        "Orientation Conflicts": [
            [
                0.0,
                0.0,
                0.0,
                0.0
            ]
        ]
    }
}