{
    "sample_sizes": [
        50,
        100,
        1000,
        10000
    ],
    "scores": {
        "Total": [
            [
                0.7500000000000001,
                0.85,
                1.0,
                1.0
            ],
            [
                0.1443375672974065,
                0.16583123951777,
                0.0,
                0.0
            ]
        ],
        "Faithfulness": [
            [
                1.0,
                1.0,
                1.0,
                1.0
            ],
            [
                0.0,
                0.0,
                0.0,
                0.0
            ]
        ],
        "Markov": [
            [
                0.7500000000000001,
                0.85,
                1.0,
                1.0
            ],
            [
                0.1443375672974065,
                0.16583123951777,
                0.0,
                0.0
            ]
        ],
        "Orientation Conflicts": [
            [
                0.0,
                0.0,
                0.0,
                0.0
            ]
        ]
    }
}