{
    "sample_sizes": [
        50,
        100,
        1000,
        10000
    ],
    "scores": {
        "Total": [
            [
                0.8888965004293952,
                0.8981631113452948,
                0.9586475192921359,
                0.9757073361031103
            ],
            [
                0.08246986345945803,
                0.07279359003911992,
                0.04415744360582895,
                0.056594474037517065
            ]
        ],
        "Faithfulness": [
            [
                0.9351892313826524,
                0.9182856621916465,
                0.9633286388892621,
                0.9878023255813954
            ],
            [
                0.053891648199587944,
                0.051173066440395834,
                0.03740885645360407,
                0.03773546769159926
            ]
        ],
        "Markov": [
            [
                0.9537072690467425,
                0.9798774491536482,
                0.9953188804028739,
                0.987905010521715
            ],
            [
                0.07228257783614388,
                0.041080906477973946,
                0.01320840976724023,
                0.025321564327175704
            ]
        ],
        "Orientation Conflicts": [
            [
                0.54,
                0.3,
                0.0,
                0.03
            ]
        ]
    }
}