{
    "sample_sizes": [
        50,
        100,
        1000,
        10000
    ],
    "scores": {
        "Total": [
            [
                0.8925079365079366,
                0.9151111111111111,
                0.980405982905983,
                0.9807460317460318
            ],
            [
                0.09450980264858364,
                0.08896899168520166,
                0.04600774675746494,
                0.046105799765136575
            ]
        ],
        "Faithfulness": [
            [
                0.930873015873016,
                0.9359999999999999,
                0.985381562881563,
                0.9857936507936508
            ],
            [
                0.07554951122948685,
                0.06368557020119904,
                0.03845664191072532,
                0.03981398863598162
            ]
        ],
        "Markov": [
            [
                0.9616349206349207,
                0.9791111111111112,
                0.9950244200244199,
                0.994952380952381
            ],
            [
                0.0798234556793528,
                0.04596778259865314,
                0.016023838493894608,
                0.016608560842916672
            ]
        ],
        "Orientation Conflicts": [
            [
                0.34,
                0.2,
                0.02,
                0.05
            ]
        ]
    }
}