{
    "sample_sizes": [
        50,
        100,
        1000,
        10000
    ],
    "scores": {
        "Total": [
            [
                0.9812928743961353,
                0.9568251081134208,
                0.8860704004983723,
                0.8279136423688256
            ],
            [
                0.038254476123058746,
                0.05800023393614307,
                0.06291499309948573,
                0.06612849515400365
            ]
        ],
        "Faithfulness": [
            [
                0.9888611111111112,
                0.9644343681917212,
                0.8931086528581992,
                0.835113121669697
            ],
            [
                0.026382294497692253,
                0.050136635517763886,
                0.05847849346215498,
                0.06884226928418083
            ]
        ],
        "Markov": [
            [
                0.9924317632850241,
                0.9923907399216998,
                0.9929617476401731,
                0.9928005206991287
            ],
            [
                0.025617888009535513,
                0.02403546676290175,
                0.020711265030754152,
                0.017611903128955154
            ]
        ],
        "Orientation Conflicts": [
            [
                0.19,
                0.58,
                1.77,
                0.3
            ]
        ]
    }
}