{
    "sample_sizes": [
        50,
        100,
        1000,
        10000
    ],
    "scores": {
        "Total": [
            [
                0.8707718881193338,
                0.8557217229503631,
                0.9126142926292259,
                0.9522242813267104
            ],
            [
                0.06767740609112866,
                0.07000883380133056,
                0.04129514415028153,
                0.06205743188764674
            ]
        ],
        "Faithfulness": [
            [
                0.9191580965588705,
                0.8841914873265116,
                0.9254185622279871,
                0.9718938761502465
            ],
            [
                0.057362005968747846,
                0.06371339329439589,
                0.04054083717592142,
                0.04120547806660998
            ]
        ],
        "Markov": [
            [
                0.9516137915604632,
                0.9715302356238515,
                0.9871957304012388,
                0.980330405176464
            ],
            [
                0.05145244728121147,
                0.03308845919698036,
                0.017776004429804527,
                0.03304351044446992
            ]
        ],
        "Orientation Conflicts": [
            [
                1.28,
                0.77,
                0.05,
                0.05
            ]
        ]
    }
}