{
    "sample_sizes": [
        50,
        100,
        1000,
        10000
    ],
    "scores": {
        "Total": [
            [
                0.62825,
                0.6786395348837211,
                0.7423989749615104,
                0.9498966610845508
            ],
            [
                0.068888950492804,
                0.06697823904178067,
                0.07756669052813672,
                0.055752966633153954
            ]
        ],
        "Faithfulness": [
            [
                0.9982499999999999,
                0.97453488372093,
                0.8818845514950163,
                0.9670204940172321
            ],
            [
                0.008842369591913707,
                0.04594193256926647,
                0.04084700026409184,
                0.030961958736873026
            ]
        ],
        "Markov": [
            [
                0.6300000000000001,
                0.7041046511627908,
                0.8605144234664935,
                0.9828761670673185
            ],
            [
                0.07193747284969079,
                0.08918039231947993,
                0.04312002275495993,
                0.03233651580603006
            ]
        ],
        "Orientation Conflicts": [
            [
                0.0,
                0.11,
                0.64,
                0.0
            ]
        ]
    }
}