{
    "sample_sizes": [
        50,
        100,
        1000,
        10000
    ],
    "scores": {
        "Total": [
            [
                0.6047397563676633,
                0.6154651162790697,
                0.6622351421188629,
                0.6654411965744599
            ],
            [
                0.04178738290881981,
                0.04245664250992862,
                0.04162788173073573,
                0.03814311691606777
            ]
        ],
        "Faithfulness": [
            [
                0.9996031746031747,
                0.9991362126245847,
                0.9033960871170176,
                0.8742613853907375
            ],
            [
                0.0017297218029923244,
                0.003479217520533185,
                0.05051605744555792,
                0.020158475284013006
            ]
        ],
        "Markov": [
            [
                0.6051365817644886,
                0.616328903654485,
                0.7588390550018457,
                0.7911798111837223
            ],
            [
                0.042153406453029306,
                0.04371717552050827,
                0.05117826836225929,
                0.028512514337467675
            ]
        ],
        "Orientation Conflicts": [
            [
                0.0,
                0.0,
                1.26,
                1.54
            ]
        ]
    }
}