{
    "sample_sizes": [
        50,
        100,
        1000,
        10000
    ],
    "scores": {
        "Total": [
            [
                0.852269177654704,
                0.9495416699783129,
                0.9747416739713374,
                0.9686769258180319
            ],
            [
                0.09766716784248897,
                0.06614239521199917,
                0.05224473800232317,
                0.054604864081608376
            ]
        ],
        "Faithfulness": [
            [
                0.9402593529277739,
                0.9736046616249083,
                0.9920241192690992,
                0.9889506172839506
            ],
            [
                0.03518565483145304,
                0.041345518478569904,
                0.028416694110296122,
                0.038226796754196664
            ]
        ],
        "Markov": [
            [
                0.9120098247269297,
                0.9759370083534045,
                0.9827175547022382,
                0.9797263085340812
            ],
            [
                0.0758743153132894,
                0.03950733488251322,
                0.028617965021426075,
                0.02925730482300806
            ]
        ],
        "Orientation Conflicts": [
            [
                0.12,
                0.01,
                0.02,
                0.02
            ]
        ]
    }
}