{
    "sample_sizes": [
        50,
        100,
        1000,
        10000
    ],
    "scores": {
        "Total": [
            [
                0.8747191674332758,
                0.8929422649766785,
                0.8924921665405645,
                0.8974394327494774
            ],
            [
                0.05844587023099509,
                0.03342991283449781,
                0.024437971557518604,
                0.03470442307377263
            ]
        ],
        "Faithfulness": [
            [
                0.9513992209418564,
                0.9606816578790902,
                0.9659097932291292,
                0.9706834416107394
            ],
            [
                0.027014950713102916,
                0.026928205641547066,
                0.026141008793071206,
                0.02013650051265207
            ]
        ],
        "Markov": [
            [
                0.9233199464914196,
                0.9322606070975885,
                0.926582373311436,
                0.926755991138738
            ],
            [
                0.05939555831846644,
                0.03347535810417367,
                0.029571382187789905,
                0.032742631540244184
            ]
        ],
        "Orientation Conflicts": [
            [
                0.08,
                0.1,
                0.06,
                0.01
            ]
        ]
    }
}