{
    "sample_sizes": [
        50,
        100,
        1000,
        10000
    ],
    "scores": {
        "Total": [
            [
                0.8995413059163059,
                0.879075396825397,
                0.8760000000000001,
                0.884
            ],
            [
                0.055755415219652694,
                0.03777785510029434,
                0.02984403904746585,
                0.040683056806379604
            ]
        ],
        "Faithfulness": [
            [
                0.9450871212121215,
                0.9380277777777779,
                0.9360000000000003,
                0.9393333333333335
            ],
            [
                0.03345593221317448,
                0.018912138469286903,
                0.013063945294843613,
                0.01907878402833891
            ]
        ],
        "Markov": [
            [
                0.9544541847041847,
                0.9410476190476191,
                0.9400000000000003,
                0.944666666666667
            ],
            [
                0.05994913078003892,
                0.0329761818806934,
                0.02,
                0.02504218662799059
            ]
        ],
        "Orientation Conflicts": [
            [
                0.08,
                0.01,
                0.0,
                0.0
            ]
        ]
    }
}