{
    "sample_sizes": [
        50,
        100,
        1000,
        10000
    ],
    "scores": {
        "Total": [
            [
                0.8814564107186054,
                0.9079219972930997,
                0.8966382354655512,
                0.8987429180390549
            ],
            [
                0.05714719070960316,
                0.031370627829274016,
                0.02530432131756429,
                0.026715919968464813
            ]
        ],
        "Faithfulness": [
            [
                0.9430362590989583,
                0.9724985716551184,
                0.9797327511843864,
                0.9808238394454287
            ],
            [
                0.03756526636639958,
                0.023976158815432833,
                0.023357316614626533,
                0.02004300453762262
            ]
        ],
        "Markov": [
            [
                0.938420151619647,
                0.9354234256379812,
                0.9169054842811645,
                0.9179190785936258
            ],
            [
                0.04952777999653628,
                0.026505753577924566,
                0.024992176678643407,
                0.023795664325417885
            ]
        ],
        "Orientation Conflicts": [
            [
                0.06,
                0.11,
                0.06,
                0.05
            ]
        ]
    }
}