{
    "sample_sizes": [
        50,
        100,
        1000,
        10000
    ],
    "scores": {
        "Total": [
            [
                0.7243239455289509,
                0.7892072529433715,
                0.9896477896869835,
                0.9921298306556666
            ],
            [
                0.07852274381172798,
                0.09421534699423886,
                0.0225647666021736,
                0.01815492253005518
            ]
        ],
        "Faithfulness": [
            [
                0.9469254011197653,
                0.9372079544986386,
                0.9896477896869835,
                0.9921298306556666
            ],
            [
                0.042652820323335186,
                0.033991985497586946,
                0.0225647666021736,
                0.01815492253005518
            ]
        ],
        "Markov": [
            [
                0.7773985444091855,
                0.851999298444733,
                1.0,
                1.0
            ],
            [
                0.07779449650370139,
                0.09261626601130321,
                0.0,
                0.0
            ]
        ],
        "Orientation Conflicts": [
            [
                0.07,
                0.04,
                0.0,
                0.0
            ]
        ]
    }
}