{
    "sample_sizes": [
        50,
        100,
        1000,
        10000
    ],
    "scores": {
        "Total": [
            [
                0.7875584677419357,
                0.7870774947696202,
                0.7671276753011782,
                0.7575412227070669
            ],
            [
                0.04176281035552592,
                0.04085027347589288,
                0.050227488073908505,
                0.057100541517031506
            ]
        ],
        "Faithfulness": [
            [
                0.9993548387096775,
                0.997865031868827,
                0.98990446140947,
                0.9450180614914736
            ],
            [
                0.0045161290322580615,
                0.009952566138553654,
                0.02748838539292368,
                0.028366014381253146
            ]
        ],
        "Markov": [
            [
                0.7882036290322583,
                0.7892124629007933,
                0.7772232138917081,
                0.8125231612155934
            ],
            [
                0.041800510678645736,
                0.03726512360000372,
                0.04752152966359508,
                0.06519609314188081
            ]
        ],
        "Orientation Conflicts": [
            [
                0.0,
                0.0,
                0.0,
                0.09
            ]
        ]
    }
}