{
    "sample_sizes": [
        50,
        100,
        1000,
        10000
    ],
    "scores": {
        "Total": [
            [
                0.8482827072283383,
                0.8388565126929889,
                0.9891392139162497,
                0.9916456795484152
            ],
            [
                0.09697703605110101,
                0.08070025442887263,
                0.02358072251842216,
                0.01793104045164243
            ]
        ],
        "Faithfulness": [
            [
                0.9666957980428738,
                0.9330764489269775,
                0.9896749282019638,
                0.9916456795484152
            ],
            [
                0.034462389415776194,
                0.033179666043959326,
                0.022794043269243534,
                0.01793104045164243
            ]
        ],
        "Markov": [
            [
                0.8815869091854642,
                0.9057800637660114,
                0.9994642857142858,
                1.0
            ],
            [
                0.09564578190372335,
                0.06300911832536209,
                0.003046200376648575,
                0.0
            ]
        ],
        "Orientation Conflicts": [
            [
                0.09,
                0.04,
                0.0,
                0.0
            ]
        ]
    }
}