{
    "sample_sizes": [
        50,
        100,
        1000,
        10000
    ],
    "scores": {
        "Total": [
            [
                0.9809230769230769,
                0.9589406090078504,
                0.9383017241379309,
                0.9902060938542517
            ],
            [
                0.053840439257200376,
                0.05509928629464441,
                0.05349743770629646,
                0.02111221823185461
            ]
        ],
        "Faithfulness": [
            [
                0.9924615384615385,
                0.9877320954907163,
                0.9688651477832514,
                0.9913633330862186
            ],
            [
                0.025719929877420118,
                0.029898720776485494,
                0.026875156645726553,
                0.017986064551774365
            ]
        ],
        "Markov": [
            [
                0.9884615384615384,
                0.9712085135171341,
                0.9694365763546798,
                0.9988427607680334
            ],
            [
                0.04663213712685438,
                0.052022070813310416,
                0.026923542507317242,
                0.005883456326676835
            ]
        ],
        "Orientation Conflicts": [
            [
                0.1,
                0.19,
                0.0,
                0.0
            ]
        ]
    }
}