{
    "sample_sizes": [
        50,
        100,
        1000,
        10000
    ],
    "scores": {
        "Total": [
            [
                0.7898575432730135,
                0.791592741935484,
                0.7875766645988423,
                0.7796232666763978
            ],
            [
                0.04391458769373282,
                0.03584222117208121,
                0.04215382948782268,
                0.040337792966716024
            ]
        ],
        "Faithfulness": [
            [
                0.9997560975609755,
                0.9997499999999999,
                1.0,
                0.9956354303508005
            ],
            [
                0.0024267986270893192,
                0.0024874685927665525,
                0.0,
                0.014527952598440828
            ]
        ],
        "Markov": [
            [
                0.7901014457120378,
                0.7918427419354841,
                0.7875766645988423,
                0.7839878363255974
            ],
            [
                0.04324721216483025,
                0.036160143080201504,
                0.04215382948782268,
                0.03526146166960528
            ]
        ],
        "Orientation Conflicts": [
            [
                0.0,
                0.01,
                0.0,
                0.0
            ]
        ]
    }
}