{
    "sample_sizes": [
        50,
        100,
        1000,
        10000
    ],
    "scores": {
        "Total": [
            [
                0.8908333333333331,
                0.8460784313725489,
                0.8433823529411762,
                0.8490196078431371
            ],
            [
                0.08391050126308518,
                0.0435695804770372,
                0.03256300638534439,
                0.03928914688139974
            ]
        ],
        "Faithfulness": [
            [
                0.896111111111111,
                0.8460784313725489,
                0.8433823529411762,
                0.8490196078431371
            ],
            [
                0.08037527720129606,
                0.0435695804770372,
                0.03256300638534439,
                0.03928914688139974
            ]
        ],
        "Markov": [
            [
                0.9947222222222223,
                1.0,
                1.0,
                1.0
            ],
            [
                0.03699662146737186,
                0.0,
                0.0,
                0.0
            ]
        ],
        "Orientation Conflicts": [
            [
                1.27,
                3.14,
                3.58,
                3.44
            ]
        ]
    }
}