{
    "sample_sizes": [
        50,
        100,
        1000,
        10000
    ],
    "scores": {
        "Total": [
            [
                0.93,
                0.9666666666666666,
                1.0,
                1.0
            ],
            [
                0.1475353065088715,
                0.1,
                0.0,
                0.0
            ]
        ],
        "Faithfulness": [
            [
                1.0,
                1.0,
                1.0,
                1.0
            ],
            [
                0.0,
                0.0,
                0.0,
                0.0
            ]
        ],
        "Markov": [
            [
                0.93,
                0.9666666666666666,
                1.0,
                1.0
            ],
            [
                0.1475353065088715,
                0.1,
                0.0,
                0.0
            ]
        ],
        "Orientation Conflicts": [
            [
                0.0,
                0.0,
                0.0,
                0.0
            ]
        ]
    }
}