{
    "sample_sizes": [
        100,
        200,
        300,
        400,
        500,
        600,
        700,
        800,
        900,
        1000,
        1100,
        1200,
        1300,
        1400,
        1500
    ],
    "scores": {
        "Total": [
            [
                0.7120000000000001,
                0.792,
                0.888,
                0.976,
                0.9840000000000001,
                0.992,
                1.0,
                0.992,
                1.0,
                1.0,
                1.0,
                1.0,
                1.0,
                1.0,
                1.0
            ],
            [
                0.1795995545651492,
                0.19983993594874874,
                0.1795995545651492,
                0.09499473669630334,
                0.0783836717690617,
                0.056000000000000015,
                0.0,
                0.056000000000000015,
                0.0,
                0.0,
                0.0,
                0.0,
                0.0,
                0.0,
                0.0
            ]
        ]
    }
}