{
    "sample_sizes": [
        100,
        200,
        300,
        400,
        500,
        600,
        700,
        800,
        900,
        1000,
        1100,
        1200,
        1300,
        1400,
        1500
    ],
    "scores": {
        "Total": [
            [
                0.9288888888888891,
                0.9278947368421054,
                0.9268421052631581,
                0.927777777777778,
                0.9269703670942063,
                0.9285714285714287,
                0.927777777777778,
                0.9278947368421054,
                0.927777777777778,
                0.927777777777778,
                0.9288888888888891,
                0.9285714285714287,
                0.9285714285714287,
                0.9285714285714287,
                0.9285714285714287
            ],
            [
                0.0022222222222222144,
                0.004736842105263162,
                0.012105263157894751,
                0.005555555555555566,
                0.007940727832789674,
                1.1102230246251565e-16,
                0.005555555555555566,
                0.004736842105263162,
                0.005555555555555566,
                0.005555555555555566,
                0.0022222222222222144,
                1.1102230246251565e-16,
                1.1102230246251565e-16,
                1.1102230246251565e-16,
                1.1102230246251565e-16
            ]
        ]
    }
}