{
    "sample_sizes": [
        100,
        200,
        300,
        400,
        500,
        600,
        700,
        800,
        900,
        1000,
        1100,
        1200,
        1300,
        1400,
        1500
    ],
    "scores": {
        "Total": [
            [
                0.9892857142857143,
                0.9783492063492063,
                0.9533223443223444,
                0.9280555555555554,
                0.9098492063492064,
                0.914,
                0.9037777777777778,
                0.9105714285714285,
                0.9159999999999999,
                0.9103333333333333,
                0.916,
                0.9103333333333334,
                0.9165454545454546,
                0.91,
                0.9109230769230768
            ],
            [
                0.03642156795423418,
                0.05109608376149934,
                0.07058625044043113,
                0.047490252411143,
                0.030566138138558935,
                0.040049968789001564,
                0.019702729020726988,
                0.03007609397131596,
                0.03666060555964671,
                0.029979622709063188,
                0.03666060555964671,
                0.02997962270906319,
                0.048196910157813334,
                0.029999999999999992,
                0.0337442521951964
            ]
        ]
    }
}