{
    "sample_sizes": [
        100,
        200,
        300,
        400,
        500,
        600,
        700,
        800,
        900,
        1000,
        1100,
        1200,
        1300,
        1400,
        1500
    ],
    "scores": {
        "Total": [
            [
                0.575047619047619,
                0.6251428571428572,
                0.7971328320802006,
                0.8508571428571429,
                0.912857142857143,
                0.9161904761904763,
                0.9285714285714287,
                0.9285714285714287,
                0.9285714285714287,
                0.9285714285714287,
                0.9250000000000003,
                0.927777777777778,
                0.9285714285714287,
                0.9275000000000003,
                0.9285714285714287
            ],
            [
                0.08675850706848773,
                0.12580098020808578,
                0.1695875669519452,
                0.14079605230499614,
                0.062198934741627195,
                0.06139718651918553,
                1.1102230246251565e-16,
                1.1102230246251565e-16,
                1.1102230246251565e-16,
                1.1102230246251565e-16,
                0.025,
                0.005555555555555566,
                1.1102230246251565e-16,
                0.007500000000000004,
                1.1102230246251565e-16
            ]
        ]
    }
}