{
    "sample_sizes": [
        100,
        200,
        300,
        400,
        500,
        600,
        700,
        800,
        900,
        1000,
        1100,
        1200,
        1300,
        1400,
        1500
    ],
    "scores": {
        "Total": [
            [
                0.9273084886128368,
                0.9285714285714287,
                0.9276470588235296,
                0.927777777777778,
                0.9276470588235296,
                0.9285714285714287,
                0.9285714285714287,
                0.9288888888888891,
                0.9285714285714287,
                0.927777777777778,
                0.9276470588235296,
                0.9276470588235296,
                0.9285714285714287,
                0.9282608695652175,
                0.9285714285714287
            ],
            [
                0.00674013304687119,
                1.1102230246251565e-16,
                0.0064705882352941255,
                0.005555555555555566,
                0.0064705882352941255,
                1.1102230246251565e-16,
                1.1102230246251565e-16,
                0.0022222222222222144,
                1.1102230246251565e-16,
                0.005555555555555566,
                0.0064705882352941255,
                0.0064705882352941255,
                1.1102230246251565e-16,
                0.002173913043478273,
                1.1102230246251565e-16
            ]
        ]
    }
}