{
    "sample_sizes": [
        100,
        200,
        300,
        400,
        500,
        600,
        700,
        800,
        900,
        1000,
        1100,
        1200,
        1300,
        1400,
        1500
    ],
    "scores": {
        "Total": [
            [
                0.9252893772893772,
                0.9450476190476189,
                0.9280316742081447,
                0.9242857142857142,
                0.9211904761904762,
                0.9226190476190478,
                0.9230952380952382,
                0.9257142857142858,
                0.9252380952380954,
                0.9261904761904763,
                0.9276330532212885,
                0.9249373433583961,
                0.9276190476190479,
                0.9266666666666667,
                0.9280952380952382
            ],
            [
                0.05697049774312272,
                0.03968938353682104,
                0.038211052023327315,
                0.0164544309934962,
                0.005778410047386508,
                0.005952380952380988,
                0.00593330275922723,
                0.012037356818823383,
                0.005345224838248519,
                0.004761904761904789,
                0.00405826674678562,
                0.012609405888156728,
                0.0032296809443453844,
                0.004364357804719873,
                0.002332847374079231
            ]
        ]
    }
}